{"learning_rate": 0.04488028630903921, "num_leaves": 304, "max_depth": 7, "min_child_samples": 85, "subsample": 0.9084214708783088, "colsample_bytree": 0.8185619084375579, "reg_alpha": 3.6667195463940976, "reg_lambda": 0.6967827171823069}